gRNA	ID	class	N
GCCGCCGCGGAGATGTGAGG	Tag77	MAPK8IP1_sgRNA1	18216
GCAGGCCAGAGGCCCCGTGC	Tag181	non-targeting_sgRNA6	9242
GTTGGCCATAAAGCCTGAGG	Tag131	RAB7A_sgRNA2	3118
GCTTGCGGGCGGAAGTGCAA	Tag174	VDAC1_sgRNA1	2554
GCGCCCGCCTCGCTCAGGCG	Tag102	NTRK1_sgRNA1	2411
GCGGCGGCTCGGCTGTAAGG	Tag166	UBA1_sgRNA1	1960
GAGCGGCGGCGCTTCAAGGT	Tag92	NDUFS8_sgRNA2	1242
GCCCGCCGCCACATCCTCTG	Tag175	VDAC1_sgRNA2	1184
GCACAGTGGTCCGGGACCGG	Tag127	PTK2_sgRNA2	971
GCGCGAGCAGCGCTGGGTAA	Tag80	MAPK8_sgRNA2	895
GCGGCGGCGGTAAATCCTCC	Tag122	PRKRIR_sgRNA1	781
GCGAGGGAGATGAGAGACGG	Tag125	PTEN_sgRNA2	713
GTCAGGCCGGCTCTCCTGCG	Tag138	SACM1L_sgRNA1	564
GCGGAGTCGGACCGCAAACT	Tag104	PGGT1B_sgRNA1	519
GGCCTCAGGGCTCCGCGCGA	Tag95	NEDD8-MDP1_sgRNA1	512
GGCACTGGTGTGAAGGAACA	Tag154	TARS2_sgRNA1	476
GCGGCTCGGCTGTAAGGAGG	Tag167	UBA1_sgRNA2	464
GTGGCCTTACGAAGGAGCAG	Tag82	MAT2A_sgRNA2	459
GAGCAGGCCAGTCAATCGGG	Tag91	NDUFS8_sgRNA1	451
GGGCAGTAGCTGCGGCGCAG	Tag56	EPRS_sgRNA2	410
GTGCCGCGGTGACCTCACGG	Tag84	MMAB_sgRNA2	388
GGAGCTGCGTCTCCGCTGGA	Tag133	RFK_sgRNA2	359
GCGCGGGGCTCTCATAGTGC	Tag45	DTYMK_sgRNA1	358
GGTTAGAAAAGACGAAGAGG	Tag124	PTEN_sgRNA1	348
GCACTGATTCCGGGTCGCGG	Tag105	PGGT1B_sgRNA2	339
GGTATGGCAACCCTCCCTCG	Tag94	NDUFV2_sgRNA2	300
GACCCGAGACTGCTTCCCGG	Tag179	non-targeting_sgRNA4	263
GCGGTAGCCGCTACCCTGGA	Tag152	TAOK1_sgRNA1	263
GCGGTTGCACGCCTGCGCGA	Tag100	NSF_sgRNA1	257
GAGAGCCACCAGCCCGCACG	Tag111	PPA1_sgRNA2	254
GCACGCGAAGAGGACGCGAG	Tag79	MAPK8_sgRNA1	243
GGGGTGGGTAGGGTCTCACC	Tag158	TRAPPC5_sgRNA1	235
GCTTCCACCACAGGTACCTA	Tag37	CSNK2A1_sgRNA1	219
GCCGCGGGCTCACAGTGGTC	Tag126	PTK2_sgRNA1	199
GCCCGGGAGGCAAGTGGTCA	Tag121	PPP2R2A_sgRNA2	192
GACCATGGAAGCGAATGGGT	Tag173	UROD_sgRNA2	189
GCAGCTCCTCAGGCGCCCGG	Tag132	RFK_sgRNA1	182
GCGGCTACCTGGCTGTCCGG	Tag32	CDKN1C_sgRNA2	182
GCACTGCTGGGCGGACACCT	Tag57	FECH_sgRNA1	178
GAGTCTGGGGAGGACATTGT	Tag182	non-targeting_sgRNA7	177
GTAGCCAGCAGGCATCGAGG	Tag31	CDKN1C_sgRNA1	171
GAGGACTCCGGCACTATGAG	Tag110	PPA1_sgRNA1	160
GGCGGAAGAGGCGCTCGGAG	Tag36	CLK3_sgRNA2	159
GCTCGGCCAGGCTCTCACCT	Tag75	MAP3K12_sgRNA1	155
GCTAGCAGCCCGGGGAGCAC	Tag137	RXRG_sgRNA2	148
GCGCGTGCATGAGAGAGGAG	Tag136	RXRG_sgRNA1	143
GAGCGGGAAGGGGCACCCAC	Tag78	MAPK8IP1_sgRNA2	139
GCGGGCCCAAGGCACTCACG	Tag170	UQCRQ_sgRNA1	137
GTACCACCCAAACGATAACG	Tag177	non-targeting_sgRNA2	137
GCCGATCACCAGGTAGTCAT	Tag62	GSR_sgRNA1	135
GTGGCGGCAGCCGCGAACTC	Tag117	PPP1R8_sgRNA2	134
GGGAAGCTGGGTTCTCGCGG	Tag113	PPCDC_sgRNA2	129
GGGGCTTCGGGCACTTGACA	Tag128	HACD2_sgRNA1	122
GGGAGGCGCAGTGTGAGCCC	Tag55	EPRS_sgRNA1	121
GTCGTAGTCGAACTCAGGTG	Tag106	PI4KB_sgRNA1	114
GCCGGGCTCTGACCATGATT	Tag61	GLRX2_sgRNA1	110
GACCCTTCTACATGAGGTGG	Tag28	CDK12_sgRNA2	107
GACCCCAGGCCTAGGCGACC	Tag93	NDUFV2_sgRNA1	105
GAGGTAGTCATAGGAGGCCA	Tag63	GSR_sgRNA2	104
GCTGGGAAGCTGGGTTCTCG	Tag112	PPCDC_sgRNA1	103
GGGCTGGTACTGCTGTTCAG	Tag108	PMVK_sgRNA1	96
GCAGGCCCGTTTGCTTACGA	Tag183	non-targeting_sgRNA8	92
GACGGACGCACAAAGCCCAG	Tag115	PPP1CB_sgRNA2	88
GAGTTACAGACAGCTGACCA	Tag172	UROD_sgRNA1	83
GTCTACTCGTAGCAGGCGGG	Tag81	MAT2A_sgRNA1	83
GGCGGCTTGCTGGGGCTCGG	Tag153	TAOK1_sgRNA2	80
GGGTCGGGTGGCCGCTGCTC	Tag13	ATP5B_sgRNA1	80
GCCTCGCCTGGCTGCTCCCT	Tag38	CSNK2A1_sgRNA2	73
GGGCACGCATCCCGCAGGAG	Tag41	DCPS_sgRNA1	72
GTGGGCAGTCGAACAGCGGG	Tag116	PPP1R8_sgRNA1	70
GCCCGGCTCCCCGGTTACCG	Tag164	TUFM_sgRNA1	69
GCGCGGTGTCCCGATTTTAG	Tag109	PMVK_sgRNA2	67
GTGCAGGCAAGAGTGCTGGA	Tag96	NEDD8-MDP1_sgRNA2	66
GACTGGCGGCGGCCCCGCAT	Tag71	KIF1A_sgRNA2	64
GTCCCTGACAGCGGCCGCGG	Tag107	PI4KB_sgRNA2	61
GTCCCTTTCCTGTCAGACTG	Tag118	PPP2R1A_sgRNA1	61
GGTCACGTAGGTTCAGTGGG	Tag64	GUK1_sgRNA1	60
GCACCACGACAGACCCGCGG	Tag149	SOD1_sgRNA2	58
GCGGAGAAAGAGCACGAGCG	Tag120	PPP2R2A_sgRNA1	58
GAGCAGACTGCTGCGGTTCC	Tag159	TRAPPC5_sgRNA2	53
GGCTCCAGCGGCTCCACATC	Tag9	ASNA1_sgRNA1	52
GGGCGGGCGGTGGACAGTCA	Tag46	DTYMK_sgRNA2	52
GGCAGCCTCGGCCCGAGTCC	Tag58	FECH_sgRNA2	51
GCTGGGCCCGCTGCTTACCG	Tag130	RAB7A_sgRNA1	49
GGAACATGGCCCTGTATCAG	Tag155	TARS2_sgRNA2	48
GACCGGATCGGTGACTGTGG	Tag171	UQCRQ_sgRNA2	46
GCCGGGCGCTGAGTTCACTG	Tag10	ASNA1_sgRNA2	46
GGGTAGAGTTGTAGCCGAGG	Tag139	SACM1L_sgRNA2	46
GAGCTCCTCAACTAGGCAAG	Tag42	DCPS_sgRNA2	45
GCGGCTTCGGCGCGGAGGGG	Tag88	MVK_sgRNA2	44
GCGTGGTCCGCGCCCTTCCT	Tag11	ATP5A1_sgRNA1	44
GGCAGCAGAGCCCCGAACTC	Tag99	NRIP1_sgRNA2	43
GACCTGGATCCTGCTCCTCT	Tag7	ARPC3_sgRNA1	41
GACTCGCGCCCCGGTAACCG	Tag165	TUFM_sgRNA2	41
GCCGCTCGCGCTAGGAGAGC	Tag129	HACD2_sgRNA2	41
GAGCCGGGAGGCGTTAGCGA	Tag143	SKP1_sgRNA2	40
GAGTCGCCAGCGGCCGAGGT	Tag74	LSS_sgRNA2	39
GCCCATCCTCGGGTCACCGG	Tag114	PPP1CB_sgRNA1	39
GCTTGTCGGTGAAGCGGCAG	Tag6	ARPC2_sgRNA2	39
GGCGCTGGCCGCAGTCTGAC	Tag119	PPP2R1A_sgRNA2	38
GTAAGGGAGGCAAGGACGGA	Tag5	ARPC2_sgRNA1	38
GCTGGCAGCCTGGGCGAGGT	Tag8	ARPC3_sgRNA2	37
GCTGGGGGCAGCGACGCTGA	Tag14	ATP5B_sgRNA2	37
GCCTGGCCACGAGTACTGGG	Tag26	CDC7_sgRNA2	36
GACTCACGTAGCAGTGGAAA	Tag180	non-targeting_sgRNA5	35
GAGTCCGGCCCGCCGAGGAA	Tag12	ATP5A1_sgRNA2	35
GATGCTGGTGAGGAAGCCGT	Tag151	SQLE_sgRNA2	35
GTCAGAAGGGCCCCGAGGTT	Tag85	MTMR11_sgRNA1	34
GGCGACGACACCACGATTCA	Tag87	MVK_sgRNA1	32
GCCTGGCTCATGGCTGTGTG	Tag83	MMAB_sgRNA1	31
GTCAGAGACGTGCGGGTGAA	Tag52	EFTUD1_sgRNA2	30
GTCGCGGTTCATGACAGCGG	Tag141	SEPSECS_sgRNA2	25
GAGACGAGGACATGTGTAGC	Tag178	non-targeting_sgRNA3	24
GCAGCCGCAAGAGCCGTCCT	Tag39	CYC1_sgRNA1	23
GTGTATCAGAGTGGGCCTTA	Tag90	NDUFA1_sgRNA2	23
GTGTCGGGCCGCTACCGCCG	Tag168	UQCRC1_sgRNA1	22
GAGGTTGGAATGCGCCCCAG	Tag163	TUBB_sgRNA2	21
GCCAGCGGCCCCAAGACCCG	Tag60	FNTA_sgRNA2	21
GTCTGAATTGAGGGTAGCAG	Tag86	MTMR11_sgRNA2	21
GCGGGCTGAGACGTGGCCAG	Tag53	EIF2AK3_sgRNA1	19
GACAGCCAGCCGTGTTCCCC	Tag54	EIF2AK3_sgRNA2	18
GGGTCCCGGGTGCGGACATC	Tag73	LSS_sgRNA1	18
GCTGGTTCCGAGGACTGCAA	Tag148	SOD1_sgRNA1	17
GCCCGCTCGGTGGCCCTGAG	Tag145	SLC7A4_sgRNA2	16
GAACTCGGACACCCCAACAC	Tag146	SNAP23_sgRNA1	14
GGTCCGGCGGGGCGTCGTGG	Tag48	DUSP8_sgRNA2	14
GGCTACCCGTGCCCACCGGT	Tag16	ATP6V1B2_sgRNA2	13
GGTGGGTGCGACCCGAGAGA	Tag51	EFTUD1_sgRNA1	13
GAAGCCGCGAGGGCCAGGAG	Tag123	PRKRIR_sgRNA2	12
GGGGTCGCCGAGCTAACCCG	Tag156	TRAPPC3_sgRNA1	12
GTTCCTGAGCAGACTCGCGG	Tag29	CDK7_sgRNA1	12
GAAAAGTTGGGCCGAAGGAG	Tag3	ACTR2_sgRNA1	11
GACTTGGCGGCTAGGGGTGT	Tag21	BUB1B_sgRNA1	11
GGTGCTCAGAGCGGAGGCAG	Tag144	SLC7A4_sgRNA1	11
GGAGCCCCGAACTCGGGAGG	Tag98	NRIP1_sgRNA1	10
GTAGGGTCTCCCGAAGAACA	Tag142	SKP1_sgRNA1	8
GCGAGCGAGGAGACCACCGG	Tag49	DUT_sgRNA1	7
GCTGCAGTGACCGCCCTCCG	Tag35	CLK3_sgRNA1	5
GCAGTCCCGAGGAGCCGTGG	Tag103	NTRK1_sgRNA2	4
GGCGGCCGCAGCACAAAAGG	Tag76	MAP3K12_sgRNA2	4
GGCTGAACGAGTGCAGTCAA	Tag59	FNTA_sgRNA1	4
GGGCAGTCTAGGCGGAGCGG	Tag72	LPPR2_sgRNA1	4
GAGGATATAGGGAGCGGTAT	Tag34	CHEK1_sgRNA2	2
GCAGGGGCCGACGGGAGTGG	Tag40	CYC1_sgRNA2	2
GCGGCCGAGCGGTTGCGACG	Tag160	TRRAP_sgRNA1	2
GGCCAAAGCTTACCTAAACA	Tag43	DDX39B_sgRNA1	2
GATCCGGGTAACGTCAGGGG	Tag135	RNGTT_sgRNA2	1
GCTTGCGAGGGCTTATTAGG	Tag101	NSF_sgRNA2	1
GGAGGGATCCGAAGGGGGGC	Tag25	CDC7_sgRNA1	1
GGGGGCCGGGAAGACGCAAG	Tag4	ACTR2_sgRNA2	1
GTGGCACTTGTGACTGAAGG	Tag69	KAT5_sgRNA2	1
